{
  "project_info": {
    "project_number": "295455030235",
    "project_id": "everybody-sports-58471190",
    "storage_bucket": "everybody-sports-58471190.appspot.com"
  },
  "client": [
    {
      "client_info": {
        "mobilesdk_app_id": "1:295455030235:android:3ac0e7942845faeaecc5fe",
        "android_client_info": {
          "package_name": "com.yb.everybodyspots"
        }
      },
      "oauth_client": [
        {
          "client_id": "295455030235-gqk7b3j5333q2md1qus51sasts7kuu6l.apps.googleusercontent.com",
          "client_type": 1,
          "android_info": {
            "package_name": "com.yb.everybodyspots",
            "certificate_hash": "ceaf33ea44bdb0905c31f8924d2e1ac6cf8f752c"
          }
        },
        {
          "client_id": "295455030235-2eqiup2hoeqhpni07gbotm39hb6cof2j.apps.googleusercontent.com",
          "client_type": 3
        }
      ],
      "api_key": [
        {
          "current_key": "AIzaSyACVp5wqs-Q2PHCnEMBCmYauA98GG9JRkc"
        }
      ],
      "services": {
        "appinvite_service": {
          "other_platform_oauth_client": [
            {
              "client_id": "295455030235-2eqiup2hoeqhpni07gbotm39hb6cof2j.apps.googleusercontent.com",
              "client_type": 3
            }
          ]
        }
      }
    }
  ],
  "configuration_version": "1"
}